timestamp,Root/Objects/PLC/Modules/<Default>/TestIO/jopa
2025-03-04 01:19:01.091,245485
2025-03-04 01:19:01.201,245501
2025-03-04 01:19:01.312,245518
2025-03-04 01:19:01.421,245534
2025-03-04 01:19:01.532,245549
2025-03-04 01:19:01.638,245567
2025-03-04 01:19:01.751,245583
2025-03-04 01:19:01.856,245599
2025-03-04 01:19:01.969,245615
2025-03-04 01:19:02.079,245631
2025-03-04 01:19:02.189,245647
2025-03-04 01:19:02.298,245663
2025-03-04 01:19:02.406,245679
2025-03-04 01:19:02.515,245695
2025-03-04 01:19:02.622,245711
2025-03-04 01:19:02.734,245728
2025-03-04 01:19:02.842,245743
2025-03-04 01:19:02.950,245759
2025-03-04 01:19:03.061,245776
2025-03-04 01:19:03.170,245791
2025-03-04 01:19:03.278,245809
2025-03-04 01:19:03.388,245825
2025-03-04 01:19:03.499,245841
2025-03-04 01:19:03.606,245857
2025-03-04 01:19:03.717,245873
2025-03-04 01:19:03.826,245889
2025-03-04 01:19:03.936,245905
2025-03-04 01:19:04.043,245921
2025-03-04 01:19:04.153,245938
2025-03-04 01:19:04.264,245954
2025-03-04 01:19:04.371,245970
2025-03-04 01:19:04.482,245985
2025-03-04 01:19:04.590,246002
2025-03-04 01:19:04.700,246018
2025-03-04 01:19:04.811,246034
2025-03-04 01:19:04.919,246050
2025-03-04 01:19:05.027,246067
2025-03-04 01:19:05.138,246083
2025-03-04 01:19:05.246,246099
2025-03-04 01:19:05.356,246115
2025-03-04 01:19:05.473,246133
2025-03-04 01:19:05.589,246148
2025-03-04 01:19:05.690,246165
2025-03-04 01:19:05.807,246182
2025-03-04 01:19:05.903,246195
2025-03-04 01:19:06.015,246213
2025-03-04 01:19:06.123,246229
2025-03-04 01:19:06.241,246246
2025-03-04 01:19:06.340,246261
2025-03-04 01:19:06.456,246278
2025-03-04 01:19:06.572,246294
2025-03-04 01:19:06.674,246309
2025-03-04 01:19:06.789,246326
2025-03-04 01:19:06.890,246342
2025-03-04 01:19:07.006,246359
2025-03-04 01:19:07.106,246374
2025-03-04 01:19:07.215,246390
2025-03-04 01:19:07.339,246408
2025-03-04 01:19:07.440,246422
2025-03-04 01:19:07.558,246440
2025-03-04 01:19:07.657,246454
2025-03-04 01:19:07.773,246472
2025-03-04 01:19:07.874,246487
2025-03-04 01:19:07.991,246505
2025-03-04 01:19:08.103,246520
2025-03-04 01:19:08.207,246536
2025-03-04 01:19:08.321,246554
2025-03-04 01:19:08.423,246567
2025-03-04 01:19:08.539,246585
2025-03-04 01:19:08.641,246599
2025-03-04 01:19:08.756,246618
2025-03-04 01:19:08.858,246632
2025-03-04 01:19:08.973,246650
2025-03-04 01:19:09.088,246666
2025-03-04 01:19:09.191,246682
2025-03-04 01:19:09.305,246698
2025-03-04 01:19:09.407,246712
2025-03-04 01:19:09.524,246730
2025-03-04 01:19:09.623,246745
2025-03-04 01:19:09.740,246763
2025-03-04 01:19:09.841,246778
2025-03-04 01:19:09.956,246794
2025-03-04 01:19:10.072,246812
2025-03-04 01:19:10.174,246826
2025-03-04 01:19:10.288,246844
2025-03-04 01:19:10.390,246858
2025-03-04 01:19:10.507,246875
2025-03-04 01:19:10.607,246891
2025-03-04 01:19:10.724,246908
2025-03-04 01:19:10.836,246924
2025-03-04 01:19:10.940,246940
2025-03-04 01:19:11.056,246958
2025-03-04 01:19:11.157,246972
2025-03-04 01:19:11.274,246988
2025-03-04 01:19:11.374,247004
2025-03-04 01:19:11.491,247022
2025-03-04 01:19:11.603,247038
2025-03-04 01:19:11.707,247053
2025-03-04 01:19:11.822,247070
2025-03-04 01:19:11.923,247086
2025-03-04 01:19:12.028,247100
2025-03-04 01:19:12.138,247118
2025-03-04 01:19:12.255,247133
2025-03-04 01:19:12.357,247149
2025-03-04 01:19:12.474,247167
2025-03-04 01:19:12.584,247183
2025-03-04 01:19:12.688,247199
2025-03-04 01:19:12.797,247214
2025-03-04 01:19:12.907,247230
2025-03-04 01:19:13.015,247246
2025-03-04 01:19:13.123,247262
2025-03-04 01:19:13.238,247280
2025-03-04 01:19:13.349,247296
2025-03-04 01:19:13.457,247312
2025-03-04 01:19:13.568,247328
2025-03-04 01:19:13.675,247344
2025-03-04 01:19:13.786,247360
2025-03-04 01:19:13.891,247377
2025-03-04 01:19:14.004,247392
2025-03-04 01:19:14.108,247408
2025-03-04 01:19:14.222,247424
2025-03-04 01:19:14.330,247441
2025-03-04 01:19:14.439,247457
2025-03-04 01:19:14.549,247473
2025-03-04 01:19:14.657,247489
2025-03-04 01:19:14.770,247505
2025-03-04 01:19:14.874,247521
2025-03-04 01:19:14.987,247538
2025-03-04 01:19:15.096,247554
2025-03-04 01:19:15.205,247570
2025-03-04 01:19:15.313,247587
2025-03-04 01:19:15.423,247602
2025-03-04 01:19:15.532,247618
2025-03-04 01:19:15.641,247635
2025-03-04 01:19:15.752,247651
2025-03-04 01:19:15.858,247667
2025-03-04 01:19:15.971,247684
2025-03-04 01:19:16.080,247700
2025-03-04 01:19:16.185,247715
2025-03-04 01:19:16.296,247731
2025-03-04 01:19:16.405,247747
2025-03-04 01:19:16.515,247764
2025-03-04 01:19:16.623,247779
2025-03-04 01:19:16.732,247796
2025-03-04 01:19:16.855,247813
2025-03-04 01:19:16.959,247829
2025-03-04 01:19:17.073,247845
2025-03-04 01:19:17.176,247862
2025-03-04 01:19:17.291,247879
2025-03-04 01:19:17.390,247893
2025-03-04 01:19:17.502,247909
2025-03-04 01:19:17.609,247926
2025-03-04 01:19:17.724,247941
2025-03-04 01:19:17.834,247957
2025-03-04 01:19:17.941,247974
2025-03-04 01:19:18.051,247990
2025-03-04 01:19:18.158,248007
2025-03-04 01:19:18.270,248023
2025-03-04 01:19:18.375,248038
2025-03-04 01:19:18.492,248055
2025-03-04 01:19:18.601,248071
2025-03-04 01:19:18.708,248087
2025-03-04 01:19:18.820,248104
2025-03-04 01:19:18.924,248120
2025-03-04 01:19:19.041,248137
2025-03-04 01:19:19.142,248151
2025-03-04 01:19:19.259,248168
2025-03-04 01:19:19.359,248183
2025-03-04 01:19:19.467,248199
2025-03-04 01:19:19.589,248216
2025-03-04 01:19:19.692,248231
2025-03-04 01:19:19.809,248250
2025-03-04 01:19:19.906,248263
2025-03-04 01:19:20.015,248279
2025-03-04 01:19:20.124,248296
2025-03-04 01:19:20.233,248312
2025-03-04 01:19:20.355,248329
2025-03-04 01:19:20.458,248346
2025-03-04 01:19:20.575,248362
2025-03-04 01:19:20.675,248378
2025-03-04 01:19:20.780,248392
2025-03-04 01:19:20.891,248410
2025-03-04 01:19:21.003,248426
2025-03-04 01:19:21.108,248441
2025-03-04 01:19:21.225,248458
2025-03-04 01:19:21.337,248474
2025-03-04 01:19:21.442,248490
2025-03-04 01:19:21.557,248508
2025-03-04 01:19:21.659,248522
2025-03-04 01:19:21.775,248540
2025-03-04 01:19:21.875,248554
2025-03-04 01:19:21.991,248571
2025-03-04 01:19:22.101,248588
2025-03-04 01:19:22.209,248605
2025-03-04 01:19:22.321,248621
2025-03-04 01:19:22.426,248636
2025-03-04 01:19:22.539,248653
2025-03-04 01:19:22.642,248668
2025-03-04 01:19:22.759,248686
2025-03-04 01:19:22.860,248700
2025-03-04 01:19:22.975,248717
2025-03-04 01:19:23.084,248732
2025-03-04 01:19:23.192,248748
2025-03-04 01:19:23.305,248765
2025-03-04 01:19:23.409,248782
2025-03-04 01:19:23.524,248799
2025-03-04 01:19:23.626,248814
2025-03-04 01:19:23.743,248830
2025-03-04 01:19:23.852,248846
2025-03-04 01:19:23.959,248862
2025-03-04 01:19:24.069,248878
2025-03-04 01:19:24.176,248894
2025-03-04 01:19:24.288,248910
2025-03-04 01:19:24.393,248926
2025-03-04 01:19:24.506,248942
2025-03-04 01:19:24.610,248958
2025-03-04 01:19:24.722,248975
2025-03-04 01:19:24.831,248991
2025-03-04 01:19:24.941,249007
2025-03-04 01:19:25.051,249022
2025-03-04 01:19:25.159,249039
2025-03-04 01:19:25.270,249055
2025-03-04 01:19:25.376,249072
2025-03-04 01:19:25.490,249088
2025-03-04 01:19:25.598,249105
2025-03-04 01:19:25.707,249120
2025-03-04 01:19:25.816,249137
2025-03-04 01:19:25.926,249153
2025-03-04 01:19:26.036,249168
2025-03-04 01:19:26.142,249185
2025-03-04 01:19:26.254,249201
2025-03-04 01:19:26.359,249216
2025-03-04 01:19:26.472,249233
2025-03-04 01:19:26.582,249250
2025-03-04 01:19:26.692,249266
2025-03-04 01:19:26.801,249281
2025-03-04 01:19:26.910,249298
2025-03-04 01:19:27.019,249313
2025-03-04 01:19:27.127,249330
2025-03-04 01:19:27.236,249345
2025-03-04 01:19:27.344,249361
2025-03-04 01:19:27.454,249378
2025-03-04 01:19:27.564,249395
2025-03-04 01:19:27.675,249411
2025-03-04 01:19:27.783,249428
2025-03-04 01:19:27.893,249444
2025-03-04 01:19:28.004,249460
2025-03-04 01:19:28.109,249475
2025-03-04 01:19:28.225,249492
2025-03-04 01:19:28.336,249509
2025-03-04 01:19:28.443,249524
2025-03-04 01:19:28.555,249542
2025-03-04 01:19:28.659,249556
2025-03-04 01:19:28.773,249573
2025-03-04 01:19:28.876,249589
2025-03-04 01:19:28.994,249606
2025-03-04 01:19:29.104,249622
2025-03-04 01:19:29.210,249638
2025-03-04 01:19:29.324,249654
2025-03-04 01:19:29.426,249669
2025-03-04 01:19:29.542,249688
2025-03-04 01:19:29.642,249702
2025-03-04 01:19:29.753,249718
2025-03-04 01:19:29.860,249733
2025-03-04 01:19:29.975,249750
2025-03-04 01:19:30.087,249766
2025-03-04 01:19:30.194,249783
2025-03-04 01:19:30.306,249800
2025-03-04 01:19:30.410,249816
2025-03-04 01:19:30.526,249832
2025-03-04 01:19:30.626,249847
2025-03-04 01:19:30.744,249864
2025-03-04 01:19:30.855,249880
2025-03-04 01:19:30.961,249896
2025-03-04 01:19:31.063,249911
2025-03-04 01:19:31.174,249928
2025-03-04 01:19:31.294,249944
2025-03-04 01:19:31.392,249961
2025-03-04 01:19:31.504,249977
2025-03-04 01:19:31.612,249991
2025-03-04 01:19:31.721,250007
2025-03-04 01:19:31.830,250025
2025-03-04 01:19:31.942,250041
2025-03-04 01:19:32.052,250057
2025-03-04 01:19:32.160,250073
2025-03-04 01:19:32.270,250089
2025-03-04 01:19:32.377,250104
2025-03-04 01:19:32.491,250121
2025-03-04 01:19:32.596,250138
2025-03-04 01:19:32.704,250152
2025-03-04 01:19:32.814,250170
2025-03-04 01:19:32.927,250186
2025-03-04 01:19:33.039,250202
2025-03-04 01:19:33.144,250217
2025-03-04 01:19:33.254,250234
2025-03-04 01:19:33.362,250250
2025-03-04 01:19:33.471,250266
2025-03-04 01:19:33.582,250282
2025-03-04 01:19:33.688,250298
2025-03-04 01:19:33.798,250314
2025-03-04 01:19:33.910,250332
2025-03-04 01:19:34.019,250348
2025-03-04 01:19:34.127,250364
2025-03-04 01:19:34.242,250380
2025-03-04 01:19:34.350,250396
2025-03-04 01:19:34.458,250413
2025-03-04 01:19:34.565,250429
2025-03-04 01:19:34.676,250445
2025-03-04 01:19:34.785,250460
2025-03-04 01:19:34.895,250476
2025-03-04 01:19:35.005,250493
2025-03-04 01:19:35.115,250509
2025-03-04 01:19:35.224,250526
2025-03-04 01:19:35.334,250542
2025-03-04 01:19:35.444,250559
2025-03-04 01:19:35.553,250574
2025-03-04 01:19:35.660,250590
2025-03-04 01:19:35.769,250606
2025-03-04 01:19:35.878,250622
2025-03-04 01:19:35.988,250638
2025-03-04 01:19:36.097,250654
2025-03-04 01:19:36.206,250670
2025-03-04 01:19:36.316,250687
2025-03-04 01:19:36.423,250702
2025-03-04 01:19:36.534,250719
2025-03-04 01:19:36.644,250735
2025-03-04 01:19:36.751,250751
2025-03-04 01:19:36.862,250767
2025-03-04 01:19:36.970,250784
2025-03-04 01:19:37.081,250800
2025-03-04 01:19:37.190,250816
2025-03-04 01:19:37.300,250832
2025-03-04 01:19:37.409,250848
2025-03-04 01:19:37.519,250866
2025-03-04 01:19:37.627,250881
2025-03-04 01:19:37.739,250897
2025-03-04 01:19:37.847,250913
2025-03-04 01:19:37.960,250930
2025-03-04 01:19:38.067,250945
2025-03-04 01:19:38.179,250963
2025-03-04 01:19:38.284,250977
2025-03-04 01:19:38.395,250993
2025-03-04 01:19:38.507,251011
2025-03-04 01:19:38.617,251026
2025-03-04 01:19:38.721,251043
2025-03-04 01:19:38.832,251058
2025-03-04 01:19:38.943,251075
2025-03-04 01:19:39.054,251090
2025-03-04 01:19:39.161,251108
2025-03-04 01:19:39.271,251124
2025-03-04 01:19:39.378,251139
2025-03-04 01:19:39.491,251156
2025-03-04 01:19:39.599,251172
2025-03-04 01:19:39.708,251188
2025-03-04 01:19:39.819,251205
2025-03-04 01:19:39.928,251221
2025-03-04 01:19:40.036,251236
2025-03-04 01:19:40.145,251253
2025-03-04 01:19:40.254,251269
2025-03-04 01:19:40.363,251284
2025-03-04 01:19:40.473,251301
2025-03-04 01:19:40.582,251317
2025-03-04 01:19:40.692,251334
2025-03-04 01:19:40.801,251350
2025-03-04 01:19:40.912,251367
2025-03-04 01:19:41.019,251383
2025-03-04 01:19:41.129,251398
2025-03-04 01:19:41.239,251414
2025-03-04 01:19:41.348,251431
2025-03-04 01:19:41.459,251447
2025-03-04 01:19:41.568,251463
2025-03-04 01:19:41.676,251479
2025-03-04 01:19:41.785,251494
2025-03-04 01:19:41.895,251512
2025-03-04 01:19:42.004,251528
2025-03-04 01:19:42.112,251543
2025-03-04 01:19:42.222,251560
2025-03-04 01:19:42.331,251576
2025-03-04 01:19:42.440,251592
2025-03-04 01:19:42.550,251608
2025-03-04 01:19:42.658,251624
2025-03-04 01:19:42.779,251641
2025-03-04 01:19:42.879,251656
2025-03-04 01:19:42.996,251674
2025-03-04 01:19:43.097,251690
2025-03-04 01:19:43.206,251704
2025-03-04 01:19:43.316,251721
2025-03-04 01:19:43.425,251738
2025-03-04 01:19:43.533,251754
2025-03-04 01:19:43.645,251770
2025-03-04 01:19:43.762,251786
2025-03-04 01:19:43.876,251804
2025-03-04 01:19:43.979,251820
2025-03-04 01:19:44.094,251836
2025-03-04 01:19:44.196,251852
2025-03-04 01:19:44.313,251868
2025-03-04 01:19:44.413,251884
2025-03-04 01:19:44.529,251900
2025-03-04 01:19:44.628,251916
2025-03-04 01:19:44.746,251932
2025-03-04 01:19:44.858,251949
2025-03-04 01:19:44.963,251965
2025-03-04 01:19:45.076,251981
2025-03-04 01:19:45.179,251997
2025-03-04 01:19:45.295,252013
2025-03-04 01:19:45.396,252029
2025-03-04 01:19:45.507,252046
2025-03-04 01:19:45.621,252062
2025-03-04 01:19:45.724,252078
2025-03-04 01:19:45.841,252094
2025-03-04 01:19:45.945,252110
2025-03-04 01:19:46.053,252125
2025-03-04 01:19:46.163,252143
2025-03-04 01:19:46.280,252159
2025-03-04 01:19:46.379,252174
2025-03-04 01:19:46.496,252191
2025-03-04 01:19:46.606,252208
2025-03-04 01:19:46.712,252224
2025-03-04 01:19:46.824,252240
2025-03-04 01:19:46.930,252256
2025-03-04 01:19:47.042,252271
2025-03-04 01:19:47.146,252287
2025-03-04 01:19:47.259,252304
2025-03-04 01:19:47.371,252320
2025-03-04 01:19:47.480,252337
2025-03-04 01:19:47.590,252353
2025-03-04 01:19:47.696,252369
2025-03-04 01:19:47.811,252385
2025-03-04 01:19:47.912,252399
2025-03-04 01:19:48.030,252418
2025-03-04 01:19:48.130,252432
2025-03-04 01:19:48.247,252450
2025-03-04 01:19:48.357,252466
2025-03-04 01:19:48.459,252480
2025-03-04 01:19:48.566,252496
2025-03-04 01:19:48.676,252513
2025-03-04 01:19:48.784,252528
2025-03-04 01:19:48.895,252546
2025-03-04 01:19:49.008,252562
2025-03-04 01:19:49.113,252578
2025-03-04 01:19:49.226,252593
2025-03-04 01:19:49.332,252610
2025-03-04 01:19:49.444,252626
2025-03-04 01:19:49.551,252641
2025-03-04 01:19:49.663,252659
2025-03-04 01:19:49.775,252675
2025-03-04 01:19:49.882,252692
2025-03-04 01:19:49.996,252708
2025-03-04 01:19:50.106,252723
2025-03-04 01:19:50.210,252738
2025-03-04 01:19:50.317,252755
2025-03-04 01:19:50.430,252772
2025-03-04 01:19:50.547,252788
2025-03-04 01:19:50.647,252803
2025-03-04 01:19:50.758,252819
2025-03-04 01:19:50.864,252836
2025-03-04 01:19:50.973,252852
2025-03-04 01:19:51.083,252868
2025-03-04 01:19:51.193,252884
2025-03-04 01:19:51.303,252900
2025-03-04 01:19:51.413,252917
2025-03-04 01:19:51.526,252934
2025-03-04 01:19:51.630,252948
2025-03-04 01:19:51.743,252966
2025-03-04 01:19:51.853,252981
2025-03-04 01:19:51.962,252997
2025-03-04 01:19:52.072,253014
2025-03-04 01:19:52.180,253030
2025-03-04 01:19:52.293,253046
2025-03-04 01:19:52.396,253062
2025-03-04 01:19:52.514,253080
2025-03-04 01:19:52.623,253096
2025-03-04 01:19:52.730,253111
2025-03-04 01:19:52.841,253128
2025-03-04 01:19:52.946,253144
2025-03-04 01:19:53.060,253160
2025-03-04 01:19:53.164,253175
2025-03-04 01:19:53.280,253193
2025-03-04 01:19:53.380,253207
2025-03-04 01:19:53.494,253225
2025-03-04 01:19:53.605,253241
2025-03-04 01:19:53.713,253257
2025-03-04 01:19:53.826,253273
2025-03-04 01:19:53.926,253287
2025-03-04 01:19:54.044,253305
2025-03-04 01:19:54.148,253321
2025-03-04 01:19:54.263,253337
2025-03-04 01:19:54.373,253355
2025-03-04 01:19:54.481,253370
2025-03-04 01:19:54.590,253386
2025-03-04 01:19:54.694,253402
2025-03-04 01:19:54.809,253418
2025-03-04 01:19:54.914,253434
2025-03-04 01:19:55.025,253450
2025-03-04 01:19:55.131,253466
2025-03-04 01:19:55.247,253483
2025-03-04 01:19:55.356,253499
2025-03-04 01:19:55.464,253514
2025-03-04 01:19:55.574,253531
2025-03-04 01:19:55.681,253547
